"","am","cyl","mean_hp","sd_hp","n"
"1",0,4,84.6666666666667,19.6553639837408,3
"2",0,6,115.25,9.17877987534291,4
"3",0,8,194.166666666667,33.35983794743,12
"4",1,4,81.875,22.6554156250301,8
"5",1,6,131.666666666667,37.5277674973257,3
"6",1,8,299.5,50.2045814642449,2
